Dataset,Tool,value,type
ArcticFireSoils,ALDEx2,0.355748373,Recall
ArcticFreshwaters,ALDEx2,1,Recall
ArcticTransects,ALDEx2,0.98030303,Recall
art_scher,ALDEx2,0,Recall
asd_son,ALDEx2,0,Recall
BISCUIT,ALDEx2,0,Recall
Blueberry,ALDEx2,0,Recall
cdi_schubert,ALDEx2,0.157647059,Recall
cdi_vincent,ALDEx2,0,Recall
Chemerin,ALDEx2,0.953917051,Recall
crc_zeller,ALDEx2,0,Recall
edd_singh,ALDEx2,0.369047619,Recall
Exercise,ALDEx2,0,Recall
glass_plastic_oberbeckmann,ALDEx2,0.020746888,Recall
GWMC_ASIA_NA,ALDEx2,0.931155193,Recall
GWMC_HOT_COLD,ALDEx2,1,Recall
hiv_dinh,ALDEx2,0,Recall
hiv_lozupone,ALDEx2,0,Recall
hiv_noguerajulian,ALDEx2,0,Recall
ibd_gevers,ALDEx2,0,Recall
ibd_papa,ALDEx2,0,Recall
Ji_WTP_DS,ALDEx2,0.601351351,Recall
MALL,ALDEx2,0.016666667,Recall
ob_ross,ALDEx2,0,Recall
ob_turnbaugh,ALDEx2,0,Recall
ob_zhu,ALDEx2,0.012224939,Recall
par_scheperjans,ALDEx2,0,Recall
sed_plastic_hoellein,ALDEx2,0.004119464,Recall
sed_plastic_rosato,ALDEx2,0.37534626,Recall
seston_plastic_mccormick,ALDEx2,0.072033898,Recall
sw_plastic_frere,ALDEx2,0.142764439,Recall
sw_sed_detender,ALDEx2,0.582326284,Recall
t1d_alkanani,ALDEx2,0,Recall
t1d_mejialeon,ALDEx2,0.008474576,Recall
wood_plastic_kesy,ALDEx2,0.165048544,Recall
ArcticFireSoils,ANCOM-II,0.1670282,Recall
ArcticFreshwaters,ANCOM-II,0.318181818,Recall
ArcticTransects,ANCOM-II,0.504545455,Recall
art_scher,ANCOM-II,0,Recall
asd_son,ANCOM-II,0,Recall
BISCUIT,ANCOM-II,0.071428571,Recall
Blueberry,ANCOM-II,0.137614679,Recall
cdi_schubert,ANCOM-II,0.157647059,Recall
cdi_vincent,ANCOM-II,0.03125,Recall
Chemerin,ANCOM-II,0.640552995,Recall
crc_zeller,ANCOM-II,0.583333333,Recall
edd_singh,ANCOM-II,0.178571429,Recall
Exercise,ANCOM-II,1,Recall
glass_plastic_oberbeckmann,ANCOM-II,0.01659751,Recall
GWMC_ASIA_NA,ANCOM-II,0.405484247,Recall
GWMC_HOT_COLD,ANCOM-II,0.984771574,Recall
hiv_dinh,ANCOM-II,0,Recall
hiv_lozupone,ANCOM-II,0.003802281,Recall
hiv_noguerajulian,ANCOM-II,0.166666667,Recall
ibd_gevers,ANCOM-II,0.058309038,Recall
ibd_papa,ANCOM-II,0,Recall
Ji_WTP_DS,ANCOM-II,0.182432432,Recall
MALL,ANCOM-II,0.016666667,Recall
ob_ross,ANCOM-II,0,Recall
ob_turnbaugh,ANCOM-II,0.023904382,Recall
ob_zhu,ANCOM-II,0.04400978,Recall
par_scheperjans,ANCOM-II,0,Recall
sed_plastic_hoellein,ANCOM-II,0.01338826,Recall
sed_plastic_rosato,ANCOM-II,0.077562327,Recall
seston_plastic_mccormick,ANCOM-II,0.052966102,Recall
sw_plastic_frere,ANCOM-II,0.140168722,Recall
sw_sed_detender,ANCOM-II,0.179758308,Recall
t1d_alkanani,ANCOM-II,0,Recall
t1d_mejialeon,ANCOM-II,0.008474576,Recall
wood_plastic_kesy,ANCOM-II,0.038834951,Recall
ArcticFireSoils,corncob,0.323210412,Recall
ArcticFreshwaters,corncob,0.977272727,Recall
ArcticTransects,corncob,0.842424242,Recall
art_scher,corncob,0.15,Recall
asd_son,corncob,0,Recall
BISCUIT,corncob,0,Recall
Blueberry,corncob,0.055045872,Recall
cdi_schubert,corncob,0.36,Recall
cdi_vincent,corncob,0.0625,Recall
Chemerin,corncob,0.262672811,Recall
crc_zeller,corncob,0.666666667,Recall
edd_singh,corncob,0.404761905,Recall
Exercise,corncob,0,Recall
glass_plastic_oberbeckmann,corncob,0.033195021,Recall
GWMC_ASIA_NA,corncob,0.936989498,Recall
GWMC_HOT_COLD,corncob,0.984771574,Recall
hiv_dinh,corncob,0.03030303,Recall
hiv_lozupone,corncob,0.068441065,Recall
hiv_noguerajulian,corncob,0.133333333,Recall
ibd_gevers,corncob,0.099125364,Recall
ibd_papa,corncob,0.016611296,Recall
Ji_WTP_DS,corncob,0.195945946,Recall
MALL,corncob,0.35,Recall
ob_ross,corncob,0,Recall
ob_turnbaugh,corncob,0.019920319,Recall
ob_zhu,corncob,0.134474328,Recall
par_scheperjans,corncob,0,Recall
sed_plastic_hoellein,corncob,0.081359423,Recall
sed_plastic_rosato,corncob,0.443213296,Recall
seston_plastic_mccormick,corncob,0.141949153,Recall
sw_plastic_frere,corncob,0.105126541,Recall
sw_sed_detender,corncob,0.333836858,Recall
t1d_alkanani,corncob,0.207843137,Recall
t1d_mejialeon,corncob,0.338983051,Recall
wood_plastic_kesy,corncob,0.184466019,Recall
ArcticFireSoils,DESeq2,0.369848156,Recall
ArcticFreshwaters,DESeq2,1,Recall
ArcticTransects,DESeq2,0.942424242,Recall
art_scher,DESeq2,0.05,Recall
asd_son,DESeq2,0,Recall
BISCUIT,DESeq2,0.142857143,Recall
Blueberry,DESeq2,0.064220183,Recall
cdi_schubert,DESeq2,0.237647059,Recall
cdi_vincent,DESeq2,0.15625,Recall
Chemerin,DESeq2,0.963133641,Recall
crc_zeller,DESeq2,0.875,Recall
edd_singh,DESeq2,0.333333333,Recall
Exercise,DESeq2,0,Recall
glass_plastic_oberbeckmann,DESeq2,0.033195021,Recall
GWMC_ASIA_NA,DESeq2,0.920070012,Recall
GWMC_HOT_COLD,DESeq2,0.989847716,Recall
hiv_dinh,DESeq2,0,Recall
hiv_lozupone,DESeq2,0.057034221,Recall
hiv_noguerajulian,DESeq2,0.033333333,Recall
ibd_gevers,DESeq2,0.008746356,Recall
ibd_papa,DESeq2,0,Recall
Ji_WTP_DS,DESeq2,0.581081081,Recall
MALL,DESeq2,0.25,Recall
ob_ross,DESeq2,0,Recall
ob_turnbaugh,DESeq2,0.023904382,Recall
ob_zhu,DESeq2,0.127139364,Recall
par_scheperjans,DESeq2,0,Recall
sed_plastic_hoellein,DESeq2,0.057672503,Recall
sed_plastic_rosato,DESeq2,0.495844875,Recall
seston_plastic_mccormick,DESeq2,0.128177966,Recall
sw_plastic_frere,DESeq2,0.1596366,Recall
sw_sed_detender,DESeq2,0.67673716,Recall
t1d_alkanani,DESeq2,0,Recall
t1d_mejialeon,DESeq2,0.13559322,Recall
wood_plastic_kesy,DESeq2,0.194174757,Recall
ArcticFireSoils,edgeR,0.620390456,Recall
ArcticFreshwaters,edgeR,0.977272727,Recall
ArcticTransects,edgeR,0.986363636,Recall
art_scher,edgeR,0.2,Recall
asd_son,edgeR,0,Recall
BISCUIT,edgeR,0.714285714,Recall
Blueberry,edgeR,0.724770642,Recall
cdi_schubert,edgeR,0.343529412,Recall
cdi_vincent,edgeR,0.28125,Recall
Chemerin,edgeR,1,Recall
crc_zeller,edgeR,0.958333333,Recall
edd_singh,edgeR,0.678571429,Recall
Exercise,edgeR,0,Recall
glass_plastic_oberbeckmann,edgeR,0.182572614,Recall
GWMC_ASIA_NA,edgeR,0.960326721,Recall
GWMC_HOT_COLD,edgeR,0.989847716,Recall
hiv_dinh,edgeR,0.234848485,Recall
hiv_lozupone,edgeR,0.072243346,Recall
hiv_noguerajulian,edgeR,0.166666667,Recall
ibd_gevers,edgeR,0.096209913,Recall
ibd_papa,edgeR,0.106312292,Recall
Ji_WTP_DS,edgeR,0.797297297,Recall
MALL,edgeR,0.833333333,Recall
ob_ross,edgeR,0.5,Recall
ob_turnbaugh,edgeR,0.167330677,Recall
ob_zhu,edgeR,0.276283619,Recall
par_scheperjans,edgeR,0.076923077,Recall
sed_plastic_hoellein,edgeR,0.321318229,Recall
sed_plastic_rosato,edgeR,0.738227147,Recall
seston_plastic_mccormick,edgeR,0.457627119,Recall
sw_plastic_frere,edgeR,0.458468527,Recall
sw_sed_detender,edgeR,0.89652568,Recall
t1d_alkanani,edgeR,0,Recall
t1d_mejialeon,edgeR,0.110169492,Recall
wood_plastic_kesy,edgeR,0.344660194,Recall
ArcticFireSoils,LEfSe,0.562906725,Recall
ArcticFreshwaters,LEfSe,1,Recall
ArcticTransects,LEfSe,0.968181818,Recall
art_scher,LEfSe,0.5,Recall
asd_son,LEfSe,0.75,Recall
BISCUIT,LEfSe,0.428571429,Recall
Blueberry,LEfSe,0.990825688,Recall
cdi_schubert,LEfSe,0.567058824,Recall
cdi_vincent,LEfSe,0.28125,Recall
Chemerin,LEfSe,1,Recall
crc_zeller,LEfSe,1,Recall
edd_singh,LEfSe,0.488095238,Recall
Exercise,LEfSe,1,Recall
glass_plastic_oberbeckmann,LEfSe,0.157676349,Recall
GWMC_ASIA_NA,LEfSe,0.998833139,Recall
GWMC_HOT_COLD,LEfSe,1,Recall
hiv_dinh,LEfSe,0.204545455,Recall
hiv_lozupone,LEfSe,0.121673004,Recall
hiv_noguerajulian,LEfSe,0.133333333,Recall
ibd_gevers,LEfSe,0.119533528,Recall
ibd_papa,LEfSe,0.169435216,Recall
Ji_WTP_DS,LEfSe,0.722972973,Recall
MALL,LEfSe,0.7,Recall
ob_ross,LEfSe,0.5,Recall
ob_turnbaugh,LEfSe,0.211155378,Recall
ob_zhu,LEfSe,0.217603912,Recall
par_scheperjans,LEfSe,0.538461538,Recall
sed_plastic_hoellein,LEfSe,0.154479918,Recall
sed_plastic_rosato,LEfSe,0.524930748,Recall
seston_plastic_mccormick,LEfSe,0.171610169,Recall
sw_plastic_frere,LEfSe,0.152173913,Recall
sw_sed_detender,LEfSe,0.577794562,Recall
t1d_alkanani,LEfSe,0.356862745,Recall
t1d_mejialeon,LEfSe,0.627118644,Recall
wood_plastic_kesy,LEfSe,0.233009709,Recall
ArcticFireSoils,MaAsLin2,0.493492408,Recall
ArcticFreshwaters,MaAsLin2,1,Recall
ArcticTransects,MaAsLin2,0.996969697,Recall
art_scher,MaAsLin2,0.15,Recall
asd_son,MaAsLin2,0,Recall
BISCUIT,MaAsLin2,0,Recall
Blueberry,MaAsLin2,0.366972477,Recall
cdi_schubert,MaAsLin2,0.703529412,Recall
cdi_vincent,MaAsLin2,0,Recall
Chemerin,MaAsLin2,1,Recall
crc_zeller,MaAsLin2,0,Recall
edd_singh,MaAsLin2,0.369047619,Recall
Exercise,MaAsLin2,0,Recall
glass_plastic_oberbeckmann,MaAsLin2,0.066390041,Recall
GWMC_ASIA_NA,MaAsLin2,0.991831972,Recall
GWMC_HOT_COLD,MaAsLin2,1,Recall
hiv_dinh,MaAsLin2,0,Recall
hiv_lozupone,MaAsLin2,0.011406844,Recall
hiv_noguerajulian,MaAsLin2,0.1,Recall
ibd_gevers,MaAsLin2,0.102040816,Recall
ibd_papa,MaAsLin2,0.006644518,Recall
Ji_WTP_DS,MaAsLin2,0.702702703,Recall
MALL,MaAsLin2,0.016666667,Recall
ob_ross,MaAsLin2,0,Recall
ob_turnbaugh,MaAsLin2,0,Recall
ob_zhu,MaAsLin2,0.136919315,Recall
par_scheperjans,MaAsLin2,0,Recall
sed_plastic_hoellein,MaAsLin2,0.040164779,Recall
sed_plastic_rosato,MaAsLin2,0.53601108,Recall
seston_plastic_mccormick,MaAsLin2,0.109110169,Recall
sw_plastic_frere,MaAsLin2,0.147955873,Recall
sw_sed_detender,MaAsLin2,0.703172205,Recall
t1d_alkanani,MaAsLin2,0,Recall
t1d_mejialeon,MaAsLin2,0.254237288,Recall
wood_plastic_kesy,MaAsLin2,0.22815534,Recall
ArcticFireSoils,MaAsLin2 (rare),0.479392625,Recall
ArcticFreshwaters,MaAsLin2 (rare),0.977272727,Recall
ArcticTransects,MaAsLin2 (rare),0.925757576,Recall
art_scher,MaAsLin2 (rare),0.05,Recall
asd_son,MaAsLin2 (rare),0,Recall
BISCUIT,MaAsLin2 (rare),0,Recall
Blueberry,MaAsLin2 (rare),0.28440367,Recall
cdi_schubert,MaAsLin2 (rare),0.48,Recall
cdi_vincent,MaAsLin2 (rare),0,Recall
Chemerin,MaAsLin2 (rare),0.995391705,Recall
crc_zeller,MaAsLin2 (rare),0,Recall
edd_singh,MaAsLin2 (rare),0.357142857,Recall
Exercise,MaAsLin2 (rare),1,Recall
glass_plastic_oberbeckmann,MaAsLin2 (rare),0.053941909,Recall
GWMC_ASIA_NA,MaAsLin2 (rare),0.98949825,Recall
GWMC_HOT_COLD,MaAsLin2 (rare),1,Recall
hiv_dinh,MaAsLin2 (rare),0,Recall
hiv_lozupone,MaAsLin2 (rare),0.003802281,Recall
hiv_noguerajulian,MaAsLin2 (rare),0.066666667,Recall
ibd_gevers,MaAsLin2 (rare),0.064139942,Recall
ibd_papa,MaAsLin2 (rare),0.006644518,Recall
Ji_WTP_DS,MaAsLin2 (rare),0.675675676,Recall
MALL,MaAsLin2 (rare),0,Recall
ob_ross,MaAsLin2 (rare),0,Recall
ob_turnbaugh,MaAsLin2 (rare),0,Recall
ob_zhu,MaAsLin2 (rare),0.046454768,Recall
par_scheperjans,MaAsLin2 (rare),0,Recall
sed_plastic_hoellein,MaAsLin2 (rare),0.005149331,Recall
sed_plastic_rosato,MaAsLin2 (rare),0.394736842,Recall
seston_plastic_mccormick,MaAsLin2 (rare),0.066737288,Recall
sw_plastic_frere,MaAsLin2 (rare),0.081116158,Recall
sw_sed_detender,MaAsLin2 (rare),0.553625378,Recall
t1d_alkanani,MaAsLin2 (rare),0,Recall
t1d_mejialeon,MaAsLin2 (rare),0.152542373,Recall
wood_plastic_kesy,MaAsLin2 (rare),0.121359223,Recall
ArcticFireSoils,metagenomeSeq,0.566160521,Recall
ArcticFreshwaters,metagenomeSeq,1,Recall
ArcticTransects,metagenomeSeq,0.984848485,Recall
art_scher,metagenomeSeq,0,Recall
asd_son,metagenomeSeq,0,Recall
BISCUIT,metagenomeSeq,0,Recall
Blueberry,metagenomeSeq,0.146788991,Recall
cdi_schubert,metagenomeSeq,0.287058824,Recall
cdi_vincent,metagenomeSeq,0,Recall
Chemerin,metagenomeSeq,0.940092166,Recall
crc_zeller,metagenomeSeq,0.041666667,Recall
edd_singh,metagenomeSeq,0.261904762,Recall
Exercise,metagenomeSeq,0,Recall
glass_plastic_oberbeckmann,metagenomeSeq,0.041493776,Recall
GWMC_ASIA_NA,metagenomeSeq,0.980163361,Recall
GWMC_HOT_COLD,metagenomeSeq,0.994923858,Recall
hiv_dinh,metagenomeSeq,0,Recall
hiv_lozupone,metagenomeSeq,0,Recall
hiv_noguerajulian,metagenomeSeq,0,Recall
ibd_gevers,metagenomeSeq,0.058309038,Recall
ibd_papa,metagenomeSeq,0.013289037,Recall
Ji_WTP_DS,metagenomeSeq,0.554054054,Recall
MALL,metagenomeSeq,0.166666667,Recall
ob_ross,metagenomeSeq,0,Recall
ob_turnbaugh,metagenomeSeq,0,Recall
ob_zhu,metagenomeSeq,0,Recall
par_scheperjans,metagenomeSeq,0,Recall
sed_plastic_hoellein,metagenomeSeq,0.024716787,Recall
sed_plastic_rosato,metagenomeSeq,0.699445983,Recall
seston_plastic_mccormick,metagenomeSeq,0.270127119,Recall
sw_plastic_frere,metagenomeSeq,0.157365347,Recall
sw_sed_detender,metagenomeSeq,0.818731118,Recall
t1d_alkanani,metagenomeSeq,0,Recall
t1d_mejialeon,metagenomeSeq,0.118644068,Recall
wood_plastic_kesy,metagenomeSeq,0.169902913,Recall
ArcticFireSoils,t-test (rare),0.319956616,Recall
ArcticFreshwaters,t-test (rare),0.863636364,Recall
ArcticTransects,t-test (rare),0.907575758,Recall
art_scher,t-test (rare),0,Recall
asd_son,t-test (rare),0,Recall
BISCUIT,t-test (rare),0,Recall
Blueberry,t-test (rare),0,Recall
cdi_schubert,t-test (rare),0.470588235,Recall
cdi_vincent,t-test (rare),0,Recall
Chemerin,t-test (rare),0.99078341,Recall
crc_zeller,t-test (rare),0,Recall
edd_singh,t-test (rare),0.285714286,Recall
Exercise,t-test (rare),0,Recall
glass_plastic_oberbeckmann,t-test (rare),0,Recall
GWMC_ASIA_NA,t-test (rare),0.952158693,Recall
GWMC_HOT_COLD,t-test (rare),0.969543147,Recall
hiv_dinh,t-test (rare),0,Recall
hiv_lozupone,t-test (rare),0.019011407,Recall
hiv_noguerajulian,t-test (rare),0,Recall
ibd_gevers,t-test (rare),0.387755102,Recall
ibd_papa,t-test (rare),0,Recall
Ji_WTP_DS,t-test (rare),0.540540541,Recall
MALL,t-test (rare),0,Recall
ob_ross,t-test (rare),0,Recall
ob_turnbaugh,t-test (rare),0,Recall
ob_zhu,t-test (rare),0,Recall
par_scheperjans,t-test (rare),0,Recall
sed_plastic_hoellein,t-test (rare),0,Recall
sed_plastic_rosato,t-test (rare),0.265927978,Recall
seston_plastic_mccormick,t-test (rare),0.037076271,Recall
sw_plastic_frere,t-test (rare),0.051589877,Recall
sw_sed_detender,t-test (rare),0.497734139,Recall
t1d_alkanani,t-test (rare),0,Recall
t1d_mejialeon,t-test (rare),0.008474576,Recall
wood_plastic_kesy,t-test (rare),0.072815534,Recall
ArcticFireSoils,Wilcoxon (CLR),1,Recall
ArcticFreshwaters,Wilcoxon (CLR),1,Recall
ArcticTransects,Wilcoxon (CLR),1,Recall
art_scher,Wilcoxon (CLR),0,Recall
asd_son,Wilcoxon (CLR),0,Recall
BISCUIT,Wilcoxon (CLR),0,Recall
Blueberry,Wilcoxon (CLR),0,Recall
cdi_schubert,Wilcoxon (CLR),1,Recall
cdi_vincent,Wilcoxon (CLR),0,Recall
Chemerin,Wilcoxon (CLR),1,Recall
crc_zeller,Wilcoxon (CLR),0.083333333,Recall
edd_singh,Wilcoxon (CLR),1,Recall
Exercise,Wilcoxon (CLR),0,Recall
glass_plastic_oberbeckmann,Wilcoxon (CLR),0.008298755,Recall
GWMC_ASIA_NA,Wilcoxon (CLR),1,Recall
GWMC_HOT_COLD,Wilcoxon (CLR),1,Recall
hiv_dinh,Wilcoxon (CLR),0,Recall
hiv_lozupone,Wilcoxon (CLR),0,Recall
hiv_noguerajulian,Wilcoxon (CLR),0,Recall
ibd_gevers,Wilcoxon (CLR),0,Recall
ibd_papa,Wilcoxon (CLR),0,Recall
Ji_WTP_DS,Wilcoxon (CLR),1,Recall
MALL,Wilcoxon (CLR),0.016666667,Recall
ob_ross,Wilcoxon (CLR),0,Recall
ob_turnbaugh,Wilcoxon (CLR),0.06374502,Recall
ob_zhu,Wilcoxon (CLR),0.633251834,Recall
par_scheperjans,Wilcoxon (CLR),0,Recall
sed_plastic_hoellein,Wilcoxon (CLR),0.508753862,Recall
sed_plastic_rosato,Wilcoxon (CLR),0.872576177,Recall
seston_plastic_mccormick,Wilcoxon (CLR),1,Recall
sw_plastic_frere,Wilcoxon (CLR),0.992212849,Recall
sw_sed_detender,Wilcoxon (CLR),1,Recall
t1d_alkanani,Wilcoxon (CLR),0,Recall
t1d_mejialeon,Wilcoxon (CLR),0,Recall
wood_plastic_kesy,Wilcoxon (CLR),1,Recall
ArcticFireSoils,Wilcoxon (rare),0.51626898,Recall
ArcticFreshwaters,Wilcoxon (rare),1,Recall
ArcticTransects,Wilcoxon (rare),0.937878788,Recall
art_scher,Wilcoxon (rare),0,Recall
asd_son,Wilcoxon (rare),0,Recall
BISCUIT,Wilcoxon (rare),0,Recall
Blueberry,Wilcoxon (rare),0.119266055,Recall
cdi_schubert,Wilcoxon (rare),0.529411765,Recall
cdi_vincent,Wilcoxon (rare),0,Recall
Chemerin,Wilcoxon (rare),0.995391705,Recall
crc_zeller,Wilcoxon (rare),0.041666667,Recall
edd_singh,Wilcoxon (rare),0.428571429,Recall
Exercise,Wilcoxon (rare),0,Recall
glass_plastic_oberbeckmann,Wilcoxon (rare),0.041493776,Recall
GWMC_ASIA_NA,Wilcoxon (rare),0.998833139,Recall
GWMC_HOT_COLD,Wilcoxon (rare),1,Recall
hiv_dinh,Wilcoxon (rare),0,Recall
hiv_lozupone,Wilcoxon (rare),0,Recall
hiv_noguerajulian,Wilcoxon (rare),0.1,Recall
ibd_gevers,Wilcoxon (rare),0.072886297,Recall
ibd_papa,Wilcoxon (rare),0,Recall
Ji_WTP_DS,Wilcoxon (rare),0.682432432,Recall
MALL,Wilcoxon (rare),0,Recall
ob_ross,Wilcoxon (rare),0,Recall
ob_turnbaugh,Wilcoxon (rare),0,Recall
ob_zhu,Wilcoxon (rare),0.041564792,Recall
par_scheperjans,Wilcoxon (rare),0,Recall
sed_plastic_hoellein,Wilcoxon (rare),0,Recall
sed_plastic_rosato,Wilcoxon (rare),0.409972299,Recall
seston_plastic_mccormick,Wilcoxon (rare),0.070974576,Recall
sw_plastic_frere,Wilcoxon (rare),0.08825438,Recall
sw_sed_detender,Wilcoxon (rare),0.555135952,Recall
t1d_alkanani,Wilcoxon (rare),0,Recall
t1d_mejialeon,Wilcoxon (rare),0.13559322,Recall
wood_plastic_kesy,Wilcoxon (rare),0.106796117,Recall
ArcticFireSoils,limma voom (TMM),0.482646421,Recall
ArcticFreshwaters,limma voom (TMM),1,Recall
ArcticTransects,limma voom (TMM),1,Recall
art_scher,limma voom (TMM),0.05,Recall
asd_son,limma voom (TMM),0,Recall
BISCUIT,limma voom (TMM),0.071428571,Recall
Blueberry,limma voom (TMM),0.082568807,Recall
cdi_schubert,limma voom (TMM),0.237647059,Recall
cdi_vincent,limma voom (TMM),0,Recall
Chemerin,limma voom (TMM),0.926267281,Recall
crc_zeller,limma voom (TMM),0.916666667,Recall
edd_singh,limma voom (TMM),0.5,Recall
Exercise,limma voom (TMM),0,Recall
glass_plastic_oberbeckmann,limma voom (TMM),0.049792531,Recall
GWMC_ASIA_NA,limma voom (TMM),1,Recall
GWMC_HOT_COLD,limma voom (TMM),0.994923858,Recall
hiv_dinh,limma voom (TMM),0,Recall
hiv_lozupone,limma voom (TMM),0.072243346,Recall
hiv_noguerajulian,limma voom (TMM),0.033333333,Recall
ibd_gevers,limma voom (TMM),0.011661808,Recall
ibd_papa,limma voom (TMM),0,Recall
Ji_WTP_DS,limma voom (TMM),0.722972973,Recall
MALL,limma voom (TMM),0.25,Recall
ob_ross,limma voom (TMM),0,Recall
ob_turnbaugh,limma voom (TMM),0.019920319,Recall
ob_zhu,limma voom (TMM),0.007334963,Recall
par_scheperjans,limma voom (TMM),0,Recall
sed_plastic_hoellein,limma voom (TMM),0.007209063,Recall
sed_plastic_rosato,limma voom (TMM),0.873961219,Recall
seston_plastic_mccormick,limma voom (TMM),0.208686441,Recall
sw_plastic_frere,limma voom (TMM),0.177482154,Recall
sw_sed_detender,limma voom (TMM),0.928247734,Recall
t1d_alkanani,limma voom (TMM),0,Recall
t1d_mejialeon,limma voom (TMM),0.56779661,Recall
wood_plastic_kesy,limma voom (TMM),0.252427184,Recall
ArcticFireSoils,limma voom (TMMwsp),0.824295011,Recall
ArcticFreshwaters,limma voom (TMMwsp),1,Recall
ArcticTransects,limma voom (TMMwsp),1,Recall
art_scher,limma voom (TMMwsp),0,Recall
asd_son,limma voom (TMMwsp),0,Recall
BISCUIT,limma voom (TMMwsp),0.214285714,Recall
Blueberry,limma voom (TMMwsp),0.504587156,Recall
cdi_schubert,limma voom (TMMwsp),0.992941176,Recall
cdi_vincent,limma voom (TMMwsp),0.46875,Recall
Chemerin,limma voom (TMMwsp),1,Recall
crc_zeller,limma voom (TMMwsp),0.625,Recall
edd_singh,limma voom (TMMwsp),0.666666667,Recall
Exercise,limma voom (TMMwsp),0,Recall
glass_plastic_oberbeckmann,limma voom (TMMwsp),0.680497925,Recall
GWMC_ASIA_NA,limma voom (TMMwsp),0.967911319,Recall
GWMC_HOT_COLD,limma voom (TMMwsp),1,Recall
hiv_dinh,limma voom (TMMwsp),0,Recall
hiv_lozupone,limma voom (TMMwsp),0.007604563,Recall
hiv_noguerajulian,limma voom (TMMwsp),1,Recall
ibd_gevers,limma voom (TMMwsp),0.335276968,Recall
ibd_papa,limma voom (TMMwsp),0.139534884,Recall
Ji_WTP_DS,limma voom (TMMwsp),0.75,Recall
MALL,limma voom (TMMwsp),0.3,Recall
ob_ross,limma voom (TMMwsp),0,Recall
ob_turnbaugh,limma voom (TMMwsp),0.637450199,Recall
ob_zhu,limma voom (TMMwsp),0.770171149,Recall
par_scheperjans,limma voom (TMMwsp),0,Recall
sed_plastic_hoellein,limma voom (TMMwsp),0.423274974,Recall
sed_plastic_rosato,limma voom (TMMwsp),0.77700831,Recall
seston_plastic_mccormick,limma voom (TMMwsp),0.536016949,Recall
sw_plastic_frere,limma voom (TMMwsp),0.170019468,Recall
sw_sed_detender,limma voom (TMMwsp),0.988670695,Recall
t1d_alkanani,limma voom (TMMwsp),0,Recall
t1d_mejialeon,limma voom (TMMwsp),0.093220339,Recall
wood_plastic_kesy,limma voom (TMMwsp),0.310679612,Recall
ArcticFireSoils,ALDEx2,0.624761905,Precision
ArcticFreshwaters,ALDEx2,0.239130435,Precision
ArcticTransects,ALDEx2,0.405134627,Precision
cdi_schubert,ALDEx2,0.577586207,Precision
Chemerin,ALDEx2,0.877118644,Precision
edd_singh,ALDEx2,0.720930233,Precision
glass_plastic_oberbeckmann,ALDEx2,1,Precision
GWMC_ASIA_NA,ALDEx2,0.423117709,Precision
GWMC_HOT_COLD,ALDEx2,0.097380129,Precision
Ji_WTP_DS,ALDEx2,0.824074074,Precision
MALL,ALDEx2,1,Precision
ob_goodrich,ALDEx2,0,Precision
ob_zhu,ALDEx2,1,Precision
Office,ALDEx2,0,Precision
sed_plastic_hoellein,ALDEx2,1,Precision
sed_plastic_rosato,ALDEx2,1,Precision
seston_plastic_mccormick,ALDEx2,0.829268293,Precision
sw_plastic_frere,ALDEx2,0.977777778,Precision
sw_sed_detender,ALDEx2,0.930036188,Precision
t1d_mejialeon,ALDEx2,1,Precision
wood_plastic_kesy,ALDEx2,0.918918919,Precision
ArcticFireSoils,ANCOM-II,0.827956989,Precision
ArcticFreshwaters,ANCOM-II,0.7,Precision
ArcticTransects,ANCOM-II,0.892761394,Precision
BISCUIT,ANCOM-II,1,Precision
Blueberry,ANCOM-II,1,Precision
cdi_schubert,ANCOM-II,0.705263158,Precision
cdi_vincent,ANCOM-II,1,Precision
Chemerin,ANCOM-II,1,Precision
crc_baxter,ANCOM-II,0,Precision
crc_zeller,ANCOM-II,0.264150943,Precision
edd_singh,ANCOM-II,1,Precision
Exercise,ANCOM-II,1,Precision
glass_plastic_oberbeckmann,ANCOM-II,1,Precision
GWMC_ASIA_NA,ANCOM-II,0.587489434,Precision
GWMC_HOT_COLD,ANCOM-II,0.285294118,Precision
hiv_lozupone,ANCOM-II,1,Precision
hiv_noguerajulian,ANCOM-II,0.138888889,Precision
ibd_gevers,ANCOM-II,0.8,Precision
Ji_WTP_DS,ANCOM-II,1,Precision
MALL,ANCOM-II,1,Precision
ob_goodrich,ANCOM-II,0,Precision
ob_turnbaugh,ANCOM-II,1,Precision
ob_zhu,ANCOM-II,1,Precision
Office,ANCOM-II,0,Precision
sed_plastic_hoellein,ANCOM-II,1,Precision
sed_plastic_rosato,ANCOM-II,1,Precision
seston_plastic_mccormick,ANCOM-II,0.943396226,Precision
sw_plastic_frere,ANCOM-II,1,Precision
sw_sed_detender,ANCOM-II,1,Precision
t1d_mejialeon,ANCOM-II,1,Precision
wood_plastic_kesy,ANCOM-II,1,Precision
ArcticFireSoils,corncob,0.295049505,Precision
ArcticFreshwaters,corncob,0.228723404,Precision
ArcticTransects,corncob,0.297963558,Precision
art_scher,corncob,0.375,Precision
asd_son,corncob,0,Precision
Blueberry,corncob,1,Precision
cdi_schubert,corncob,0.668122271,Precision
cdi_vincent,corncob,0.142857143,Precision
Chemerin,corncob,0.581632653,Precision
crc_baxter,corncob,0,Precision
crc_zeller,corncob,0.032388664,Precision
edd_singh,corncob,0.404761905,Precision
glass_plastic_oberbeckmann,corncob,1,Precision
GWMC_ASIA_NA,corncob,0.301766253,Precision
GWMC_HOT_COLD,corncob,0.044897015,Precision
hiv_dinh,corncob,1,Precision
hiv_lozupone,corncob,0.947368421,Precision
hiv_noguerajulian,corncob,0.038834951,Precision
ibd_gevers,corncob,0.220779221,Precision
ibd_papa,corncob,1,Precision
Ji_WTP_DS,corncob,0.725,Precision
MALL,corncob,0.724137931,Precision
ob_goodrich,corncob,0,Precision
ob_turnbaugh,corncob,0.5,Precision
ob_zhu,corncob,0.48245614,Precision
Office,corncob,0,Precision
par_scheperjans,corncob,0,Precision
sed_plastic_hoellein,corncob,0.731481481,Precision
sed_plastic_rosato,corncob,0.835509138,Precision
seston_plastic_mccormick,corncob,0.373259053,Precision
sw_plastic_frere,corncob,0.580645161,Precision
sw_sed_detender,corncob,0.376811594,Precision
t1d_alkanani,corncob,0.981481481,Precision
t1d_mejialeon,corncob,0.784313725,Precision
wood_plastic_kesy,corncob,0.644067797,Precision
ArcticFireSoils,DESeq2,0.268081761,Precision
ArcticFreshwaters,DESeq2,0.235294118,Precision
ArcticTransects,DESeq2,0.270317253,Precision
art_scher,DESeq2,0.090909091,Precision
BISCUIT,DESeq2,0.333333333,Precision
Blueberry,DESeq2,0.875,Precision
cdi_schubert,DESeq2,0.419087137,Precision
cdi_vincent,DESeq2,0.2,Precision
Chemerin,DESeq2,0.625748503,Precision
crc_baxter,DESeq2,0,Precision
crc_zeller,DESeq2,0.094594595,Precision
edd_singh,DESeq2,0.466666667,Precision
glass_plastic_oberbeckmann,DESeq2,1,Precision
GWMC_ASIA_NA,DESeq2,0.338194296,Precision
GWMC_HOT_COLD,DESeq2,0.053235053,Precision
hiv_lozupone,DESeq2,0.652173913,Precision
hiv_noguerajulian,DESeq2,0.04,Precision
ibd_gevers,DESeq2,1,Precision
Ji_WTP_DS,DESeq2,0.562091503,Precision
MALL,DESeq2,0.535714286,Precision
ob_goodrich,DESeq2,0,Precision
ob_turnbaugh,DESeq2,0.75,Precision
ob_zhu,DESeq2,0.838709677,Precision
Office,DESeq2,0,Precision
sed_plastic_hoellein,DESeq2,0.823529412,Precision
sed_plastic_rosato,DESeq2,0.925064599,Precision
seston_plastic_mccormick,DESeq2,0.258547009,Precision
sw_plastic_frere,DESeq2,0.264090177,Precision
sw_sed_detender,DESeq2,0.827331487,Precision
t1d_mejialeon,DESeq2,0.941176471,Precision
wood_plastic_kesy,DESeq2,0.816326531,Precision
ArcticFireSoils,edgeR,0.246551724,Precision
ArcticFreshwaters,edgeR,0.17768595,Precision
ArcticTransects,edgeR,0.198233861,Precision
art_scher,edgeR,0.081632653,Precision
asd_son,edgeR,0,Precision
BISCUIT,edgeR,0.212765957,Precision
Blueberry,edgeR,0.197994987,Precision
cdi_schubert,edgeR,0.532846715,Precision
cdi_vincent,edgeR,0.1125,Precision
Chemerin,edgeR,0.563636364,Precision
crc_baxter,edgeR,0,Precision
crc_zeller,edgeR,0.015467384,Precision
edd_singh,edgeR,0.393103448,Precision
Exercise,edgeR,0,Precision
glass_plastic_oberbeckmann,edgeR,0.427184466,Precision
GWMC_ASIA_NA,edgeR,0.296736975,Precision
GWMC_HOT_COLD,edgeR,0.040540541,Precision
hiv_dinh,edgeR,0.402597403,Precision
hiv_lozupone,edgeR,0.633333333,Precision
hiv_noguerajulian,edgeR,0.016129032,Precision
ibd_gevers,edgeR,0.195266272,Precision
ibd_papa,edgeR,0.62745098,Precision
Ji_WTP_DS,edgeR,0.570048309,Precision
MALL,edgeR,0.304878049,Precision
ob_goodrich,edgeR,0,Precision
ob_ross,edgeR,0.054054054,Precision
ob_turnbaugh,edgeR,0.323076923,Precision
ob_zhu,edgeR,0.491304348,Precision
Office,edgeR,0,Precision
par_scheperjans,edgeR,0.111111111,Precision
sed_plastic_hoellein,edgeR,0.494453249,Precision
sed_plastic_rosato,edgeR,0.825077399,Precision
seston_plastic_mccormick,edgeR,0.367972743,Precision
sw_plastic_frere,edgeR,0.473049883,Precision
sw_sed_detender,edgeR,0.643011918,Precision
t1d_mejialeon,edgeR,0.684210526,Precision
wood_plastic_kesy,edgeR,0.31838565,Precision
ArcticFireSoils,LEfSe,0.262386249,Precision
ArcticFreshwaters,LEfSe,0.184100418,Precision
ArcticTransects,LEfSe,0.2556,Precision
art_scher,LEfSe,0.192307692,Precision
asd_son,LEfSe,0.085714286,Precision
BISCUIT,LEfSe,0.315789474,Precision
Blueberry,LEfSe,0.195298373,Precision
cdi_schubert,LEfSe,0.619537275,Precision
cdi_vincent,LEfSe,0.176470588,Precision
Chemerin,LEfSe,0.591280654,Precision
crc_baxter,LEfSe,0,Precision
crc_zeller,LEfSe,0.023506366,Precision
edd_singh,LEfSe,0.305970149,Precision
Exercise,LEfSe,0.022222222,Precision
glass_plastic_oberbeckmann,LEfSe,0.391752577,Precision
GWMC_ASIA_NA,LEfSe,0.308858019,Precision
GWMC_HOT_COLD,LEfSe,0.04339207,Precision
hiv_dinh,LEfSe,0.818181818,Precision
hiv_lozupone,LEfSe,0.727272727,Precision
hiv_noguerajulian,LEfSe,0.013986014,Precision
ibd_gevers,LEfSe,0.136212625,Precision
ibd_papa,LEfSe,0.708333333,Precision
Ji_WTP_DS,LEfSe,0.560209424,Precision
MALL,LEfSe,0.7,Precision
ob_goodrich,LEfSe,0,Precision
ob_ross,LEfSe,0.111111111,Precision
ob_turnbaugh,LEfSe,0.304597701,Precision
ob_zhu,LEfSe,0.342307692,Precision
Office,LEfSe,0,Precision
par_scheperjans,LEfSe,0.424242424,Precision
sed_plastic_hoellein,LEfSe,0.418994413,Precision
sed_plastic_rosato,LEfSe,0.801268499,Precision
seston_plastic_mccormick,LEfSe,0.25,Precision
sw_plastic_frere,LEfSe,0.79222973,Precision
sw_sed_detender,LEfSe,0.524691358,Precision
t1d_alkanani,LEfSe,0.947916667,Precision
t1d_mejialeon,LEfSe,0.973684211,Precision
wood_plastic_kesy,LEfSe,0.377952756,Precision
ArcticFireSoils,MaAsLin2,0.267018779,Precision
ArcticFreshwaters,MaAsLin2,0.192982456,Precision
ArcticTransects,MaAsLin2,0.22642808,Precision
art_scher,MaAsLin2,0.75,Precision
Blueberry,MaAsLin2,0.833333333,Precision
cdi_schubert,MaAsLin2,0.661504425,Precision
Chemerin,MaAsLin2,0.58490566,Precision
crc_baxter,MaAsLin2,0,Precision
crc_zeller,MaAsLin2,0,Precision
edd_singh,MaAsLin2,0.276785714,Precision
glass_plastic_oberbeckmann,MaAsLin2,0.64,Precision
GWMC_ASIA_NA,MaAsLin2,0.312270389,Precision
GWMC_HOT_COLD,MaAsLin2,0.044915641,Precision
hiv_lozupone,MaAsLin2,1,Precision
hiv_noguerajulian,MaAsLin2,0.051724138,Precision
ibd_gevers,MaAsLin2,0.198863636,Precision
ibd_papa,MaAsLin2,1,Precision
Ji_WTP_DS,MaAsLin2,0.574585635,Precision
MALL,MaAsLin2,1,Precision
ob_goodrich,MaAsLin2,0,Precision
ob_zhu,MaAsLin2,0.35,Precision
Office,MaAsLin2,0,Precision
sed_plastic_hoellein,MaAsLin2,0.541666667,Precision
sed_plastic_rosato,MaAsLin2,0.791411043,Precision
seston_plastic_mccormick,MaAsLin2,0.170247934,Precision
sw_plastic_frere,MaAsLin2,0.855534709,Precision
sw_sed_detender,MaAsLin2,0.540023202,Precision
t1d_mejialeon,MaAsLin2,1,Precision
wood_plastic_kesy,MaAsLin2,0.447619048,Precision
ArcticFireSoils,MaAsLin2 (rare),0.265784726,Precision
ArcticFreshwaters,MaAsLin2 (rare),0.198156682,Precision
ArcticTransects,MaAsLin2 (rare),0.278486782,Precision
art_scher,MaAsLin2 (rare),1,Precision
Blueberry,MaAsLin2 (rare),0.775,Precision
cdi_schubert,MaAsLin2 (rare),0.605341246,Precision
Chemerin,MaAsLin2 (rare),0.646706587,Precision
crc_baxter,MaAsLin2 (rare),0,Precision
edd_singh,MaAsLin2 (rare),0.288461538,Precision
Exercise,MaAsLin2 (rare),1,Precision
glass_plastic_oberbeckmann,MaAsLin2 (rare),0.619047619,Precision
GWMC_ASIA_NA,MaAsLin2 (rare),0.315007429,Precision
GWMC_HOT_COLD,MaAsLin2 (rare),0.046135831,Precision
hiv_lozupone,MaAsLin2 (rare),1,Precision
hiv_noguerajulian,MaAsLin2 (rare),0.333333333,Precision
ibd_gevers,MaAsLin2 (rare),0.244444444,Precision
ibd_papa,MaAsLin2 (rare),1,Precision
Ji_WTP_DS,MaAsLin2 (rare),0.568181818,Precision
ob_goodrich,MaAsLin2 (rare),0,Precision
ob_zhu,MaAsLin2 (rare),0.678571429,Precision
Office,MaAsLin2 (rare),0,Precision
sed_plastic_hoellein,MaAsLin2 (rare),0.555555556,Precision
sed_plastic_rosato,MaAsLin2 (rare),0.858433735,Precision
seston_plastic_mccormick,MaAsLin2 (rare),0.39375,Precision
sw_plastic_frere,MaAsLin2 (rare),1,Precision
sw_sed_detender,MaAsLin2 (rare),0.516560958,Precision
t1d_mejialeon,MaAsLin2 (rare),1,Precision
wood_plastic_kesy,MaAsLin2 (rare),0.757575758,Precision
ArcticFireSoils,metagenomeSeq,0.50240616,Precision
ArcticFreshwaters,metagenomeSeq,0.26035503,Precision
ArcticTransects,metagenomeSeq,0.236277717,Precision
art_scher,metagenomeSeq,0,Precision
Blueberry,metagenomeSeq,0.727272727,Precision
cdi_schubert,metagenomeSeq,0.721893491,Precision
cdi_vincent,metagenomeSeq,0,Precision
Chemerin,metagenomeSeq,0.573033708,Precision
crc_baxter,metagenomeSeq,0,Precision
crc_zeller,metagenomeSeq,0.1,Precision
edd_singh,metagenomeSeq,0.628571429,Precision
glass_plastic_oberbeckmann,metagenomeSeq,0.476190476,Precision
GWMC_ASIA_NA,metagenomeSeq,0.313140727,Precision
GWMC_HOT_COLD,metagenomeSeq,0.046800382,Precision
ibd_gevers,metagenomeSeq,0.350877193,Precision
ibd_papa,metagenomeSeq,1,Precision
Ji_WTP_DS,metagenomeSeq,0.543046358,Precision
MALL,metagenomeSeq,0.909090909,Precision
ob_goodrich,metagenomeSeq,0,Precision
Office,metagenomeSeq,0,Precision
sed_plastic_hoellein,metagenomeSeq,0.52173913,Precision
sed_plastic_rosato,metagenomeSeq,0.851602024,Precision
seston_plastic_mccormick,metagenomeSeq,0.683646113,Precision
sw_plastic_frere,metagenomeSeq,0.76984127,Precision
sw_sed_detender,metagenomeSeq,0.751733703,Precision
t1d_mejialeon,metagenomeSeq,1,Precision
wood_plastic_kesy,metagenomeSeq,0.68627451,Precision
ArcticFireSoils,t-test (rare),0.186355022,Precision
ArcticFreshwaters,t-test (rare),0.23030303,Precision
ArcticTransects,t-test (rare),0.298306773,Precision
cdi_schubert,t-test (rare),0.643086817,Precision
Chemerin,t-test (rare),0.589041096,Precision
edd_singh,t-test (rare),0.774193548,Precision
GWMC_ASIA_NA,t-test (rare),0.323424495,Precision
GWMC_HOT_COLD,t-test (rare),0.048600509,Precision
hiv_lozupone,t-test (rare),1,Precision
hiv_noguerajulian,t-test (rare),0,Precision
ibd_gevers,t-test (rare),0.298206278,Precision
Ji_WTP_DS,t-test (rare),0.64,Precision
ob_goodrich,t-test (rare),0,Precision
Office,t-test (rare),0,Precision
sed_plastic_rosato,t-test (rare),0.974619289,Precision
seston_plastic_mccormick,t-test (rare),0.255474453,Precision
sw_plastic_frere,t-test (rare),0.595505618,Precision
sw_sed_detender,t-test (rare),0.858072917,Precision
t1d_mejialeon,t-test (rare),1,Precision
wood_plastic_kesy,t-test (rare),1,Precision
ArcticFireSoils,Wilcoxon (CLR),0.438838648,Precision
ArcticFreshwaters,Wilcoxon (CLR),0.17254902,Precision
ArcticTransects,Wilcoxon (CLR),0.237666547,Precision
cdi_schubert,Wilcoxon (CLR),0.772727273,Precision
Chemerin,Wilcoxon (CLR),0.628985507,Precision
crc_baxter,Wilcoxon (CLR),0,Precision
crc_zeller,Wilcoxon (CLR),1,Precision
edd_singh,Wilcoxon (CLR),0.563758389,Precision
glass_plastic_oberbeckmann,Wilcoxon (CLR),1,Precision
GWMC_ASIA_NA,Wilcoxon (CLR),0.283212161,Precision
GWMC_HOT_COLD,Wilcoxon (CLR),0.047803931,Precision
Ji_WTP_DS,Wilcoxon (CLR),0.891566265,Precision
MALL,Wilcoxon (CLR),1,Precision
ob_goodrich,Wilcoxon (CLR),0,Precision
ob_turnbaugh,Wilcoxon (CLR),1,Precision
ob_zhu,Wilcoxon (CLR),1,Precision
Office,Wilcoxon (CLR),0,Precision
sed_plastic_hoellein,Wilcoxon (CLR),1,Precision
sed_plastic_rosato,Wilcoxon (CLR),1,Precision
seston_plastic_mccormick,Wilcoxon (CLR),0.762520194,Precision
sw_plastic_frere,Wilcoxon (CLR),1,Precision
sw_sed_detender,Wilcoxon (CLR),0.885618729,Precision
wood_plastic_kesy,Wilcoxon (CLR),0.725352113,Precision
ArcticFireSoils,Wilcoxon (rare),0.269688385,Precision
ArcticFreshwaters,Wilcoxon (rare),0.193832599,Precision
ArcticTransects,Wilcoxon (rare),0.278828829,Precision
Blueberry,Wilcoxon (rare),0.866666667,Precision
cdi_schubert,Wilcoxon (rare),0.614754098,Precision
Chemerin,Wilcoxon (rare),0.617142857,Precision
crc_baxter,Wilcoxon (rare),0,Precision
crc_zeller,Wilcoxon (rare),0.333333333,Precision
edd_singh,Wilcoxon (rare),0.295081967,Precision
glass_plastic_oberbeckmann,Wilcoxon (rare),0.666666667,Precision
GWMC_ASIA_NA,Wilcoxon (rare),0.31412844,Precision
GWMC_HOT_COLD,Wilcoxon (rare),0.046168268,Precision
hiv_noguerajulian,Wilcoxon (rare),0.333333333,Precision
ibd_gevers,Wilcoxon (rare),0.324675325,Precision
Ji_WTP_DS,Wilcoxon (rare),0.55801105,Precision
ob_goodrich,Wilcoxon (rare),0,Precision
ob_zhu,Wilcoxon (rare),0.708333333,Precision
Office,Wilcoxon (rare),0,Precision
sed_plastic_rosato,Wilcoxon (rare),0.860465116,Precision
seston_plastic_mccormick,Wilcoxon (rare),0.340101523,Precision
sw_plastic_frere,Wilcoxon (rare),1,Precision
sw_sed_detender,Wilcoxon (rare),0.524625268,Precision
t1d_mejialeon,Wilcoxon (rare),1,Precision
wood_plastic_kesy,Wilcoxon (rare),0.75862069,Precision
ArcticFireSoils,limma voom (TMM),0.224520686,Precision
ArcticFreshwaters,limma voom (TMM),0.178861789,Precision
ArcticTransects,limma voom (TMM),0.20696143,Precision
art_scher,limma voom (TMM),0.009174312,Precision
BISCUIT,limma voom (TMM),1,Precision
Blueberry,limma voom (TMM),0.529411765,Precision
cdi_schubert,limma voom (TMM),0.512690355,Precision
Chemerin,limma voom (TMM),0.67,Precision
crc_baxter,limma voom (TMM),0,Precision
crc_zeller,limma voom (TMM),0.014784946,Precision
edd_singh,limma voom (TMM),0.482758621,Precision
glass_plastic_oberbeckmann,limma voom (TMM),0.857142857,Precision
GWMC_ASIA_NA,limma voom (TMM),0.296745152,Precision
GWMC_HOT_COLD,limma voom (TMM),0.041499047,Precision
hiv_lozupone,limma voom (TMM),1,Precision
hiv_noguerajulian,limma voom (TMM),0.25,Precision
ibd_gevers,limma voom (TMM),0.137931034,Precision
Ji_WTP_DS,limma voom (TMM),0.566137566,Precision
MALL,limma voom (TMM),0.140186916,Precision
ob_goodrich,limma voom (TMM),0,Precision
ob_turnbaugh,limma voom (TMM),1,Precision
ob_zhu,limma voom (TMM),1,Precision
Office,limma voom (TMM),0,Precision
sed_plastic_hoellein,limma voom (TMM),0.777777778,Precision
sed_plastic_rosato,limma voom (TMM),0.790726817,Precision
seston_plastic_mccormick,limma voom (TMM),0.319805195,Precision
sw_plastic_frere,limma voom (TMM),0.578835979,Precision
sw_sed_detender,limma voom (TMM),0.84467354,Precision
t1d_mejialeon,limma voom (TMM),0.788235294,Precision
wood_plastic_kesy,limma voom (TMM),0.852459016,Precision
ArcticFireSoils,limma voom (TMMwsp),0.52887961,Precision
ArcticFreshwaters,limma voom (TMMwsp),0.176706827,Precision
ArcticTransects,limma voom (TMMwsp),0.20722135,Precision
BISCUIT,limma voom (TMMwsp),0.428571429,Precision
Blueberry,limma voom (TMMwsp),0.436507937,Precision
cdi_schubert,limma voom (TMMwsp),0.740350877,Precision
cdi_vincent,limma voom (TMMwsp),0.202702703,Precision
Chemerin,limma voom (TMMwsp),0.501154734,Precision
crc_baxter,limma voom (TMMwsp),0,Precision
crc_zeller,limma voom (TMMwsp),0.057915058,Precision
edd_singh,limma voom (TMMwsp),0.788732394,Precision
glass_plastic_oberbeckmann,limma voom (TMMwsp),0.926553672,Precision
GWMC_ASIA_NA,limma voom (TMMwsp),0.301307664,Precision
GWMC_HOT_COLD,limma voom (TMMwsp),0.038170897,Precision
hiv_lozupone,limma voom (TMMwsp),1,Precision
hiv_noguerajulian,limma voom (TMMwsp),0.015965939,Precision
ibd_gevers,limma voom (TMMwsp),0.851851852,Precision
ibd_papa,limma voom (TMMwsp),0.954545455,Precision
Ji_WTP_DS,limma voom (TMMwsp),0.606557377,Precision
MALL,limma voom (TMMwsp),0.75,Precision
ob_goodrich,limma voom (TMMwsp),0,Precision
ob_ross,limma voom (TMMwsp),0,Precision
ob_turnbaugh,limma voom (TMMwsp),0.666666667,Precision
ob_zhu,limma voom (TMMwsp),0.68627451,Precision
Office,limma voom (TMMwsp),0,Precision
sed_plastic_hoellein,limma voom (TMMwsp),0.976247031,Precision
sed_plastic_rosato,limma voom (TMMwsp),0.936560935,Precision
seston_plastic_mccormick,limma voom (TMMwsp),0.88,Precision
sw_plastic_frere,limma voom (TMMwsp),0.71292517,Precision
sw_sed_detender,limma voom (TMMwsp),0.802083333,Precision
t1d_mejialeon,limma voom (TMMwsp),1,Precision
wood_plastic_kesy,limma voom (TMMwsp),0.914285714,Precision
ArcticFireSoils,ALDEx2,0.453351762,F1 Score
ArcticFreshwaters,ALDEx2,0.385964912,F1 Score
ArcticTransects,ALDEx2,0.573327426,F1 Score
cdi_schubert,ALDEx2,0.247689464,F1 Score
Chemerin,ALDEx2,0.913907285,F1 Score
edd_singh,ALDEx2,0.488188976,F1 Score
glass_plastic_oberbeckmann,ALDEx2,0.040650407,F1 Score
GWMC_ASIA_NA,ALDEx2,0.581844696,F1 Score
GWMC_HOT_COLD,ALDEx2,0.177477477,F1 Score
Ji_WTP_DS,ALDEx2,0.6953125,F1 Score
MALL,ALDEx2,0.032786885,F1 Score
ob_zhu,ALDEx2,0.024154589,F1 Score
sed_plastic_hoellein,ALDEx2,0.008205128,F1 Score
sed_plastic_rosato,ALDEx2,0.545820745,F1 Score
seston_plastic_mccormick,ALDEx2,0.132553606,F1 Score
sw_plastic_frere,ALDEx2,0.249150623,F1 Score
sw_sed_detender,ALDEx2,0.71620994,F1 Score
t1d_mejialeon,ALDEx2,0.016806723,F1 Score
wood_plastic_kesy,ALDEx2,0.279835391,F1 Score
ArcticFireSoils,ANCOM-II,0.277978339,F1 Score
ArcticFreshwaters,ANCOM-II,0.4375,F1 Score
ArcticTransects,ANCOM-II,0.644724105,F1 Score
BISCUIT,ANCOM-II,0.133333333,F1 Score
Blueberry,ANCOM-II,0.241935484,F1 Score
cdi_schubert,ANCOM-II,0.257692308,F1 Score
cdi_vincent,ANCOM-II,0.060606061,F1 Score
Chemerin,ANCOM-II,0.780898876,F1 Score
crc_zeller,ANCOM-II,0.363636364,F1 Score
edd_singh,ANCOM-II,0.303030303,F1 Score
Exercise,ANCOM-II,1,F1 Score
glass_plastic_oberbeckmann,ANCOM-II,0.032653061,F1 Score
GWMC_ASIA_NA,ANCOM-II,0.479806697,F1 Score
GWMC_HOT_COLD,ANCOM-II,0.442417332,F1 Score
hiv_lozupone,ANCOM-II,0.007575758,F1 Score
hiv_noguerajulian,ANCOM-II,0.151515152,F1 Score
ibd_gevers,ANCOM-II,0.108695652,F1 Score
Ji_WTP_DS,ANCOM-II,0.308571429,F1 Score
MALL,ANCOM-II,0.032786885,F1 Score
ob_turnbaugh,ANCOM-II,0.046692607,F1 Score
ob_zhu,ANCOM-II,0.084309133,F1 Score
sed_plastic_hoellein,ANCOM-II,0.026422764,F1 Score
sed_plastic_rosato,ANCOM-II,0.143958869,F1 Score
seston_plastic_mccormick,ANCOM-II,0.100300903,F1 Score
sw_plastic_frere,ANCOM-II,0.245873648,F1 Score
sw_sed_detender,ANCOM-II,0.304737516,F1 Score
t1d_mejialeon,ANCOM-II,0.016806723,F1 Score
wood_plastic_kesy,ANCOM-II,0.074766355,F1 Score
ArcticFireSoils,corncob,0.308488613,F1 Score
ArcticFreshwaters,corncob,0.370689655,F1 Score
ArcticTransects,corncob,0.440221694,F1 Score
art_scher,corncob,0.214285714,F1 Score
Blueberry,corncob,0.104347826,F1 Score
cdi_schubert,corncob,0.467889908,F1 Score
cdi_vincent,corncob,0.086956522,F1 Score
Chemerin,corncob,0.361904762,F1 Score
crc_zeller,corncob,0.061776062,F1 Score
edd_singh,corncob,0.404761905,F1 Score
glass_plastic_oberbeckmann,corncob,0.064257028,F1 Score
GWMC_ASIA_NA,corncob,0.45650938,F1 Score
GWMC_HOT_COLD,corncob,0.085878707,F1 Score
hiv_dinh,corncob,0.058823529,F1 Score
hiv_lozupone,corncob,0.127659574,F1 Score
hiv_noguerajulian,corncob,0.060150376,F1 Score
ibd_gevers,corncob,0.136820926,F1 Score
ibd_papa,corncob,0.032679739,F1 Score
Ji_WTP_DS,corncob,0.308510638,F1 Score
MALL,corncob,0.471910112,F1 Score
ob_turnbaugh,corncob,0.038314176,F1 Score
ob_zhu,corncob,0.210325048,F1 Score
sed_plastic_hoellein,corncob,0.146431881,F1 Score
sed_plastic_rosato,corncob,0.57918552,F1 Score
seston_plastic_mccormick,corncob,0.205679202,F1 Score
sw_plastic_frere,corncob,0.178021978,F1 Score
sw_sed_detender,corncob,0.35402483,F1 Score
t1d_alkanani,corncob,0.343042071,F1 Score
t1d_mejialeon,corncob,0.473372781,F1 Score
wood_plastic_kesy,corncob,0.286792453,F1 Score
ArcticFireSoils,DESeq2,0.310847767,F1 Score
ArcticFreshwaters,DESeq2,0.380952381,F1 Score
ArcticTransects,DESeq2,0.420128335,F1 Score
art_scher,DESeq2,0.064516129,F1 Score
BISCUIT,DESeq2,0.2,F1 Score
Blueberry,DESeq2,0.11965812,F1 Score
cdi_schubert,DESeq2,0.303303303,F1 Score
cdi_vincent,DESeq2,0.175438596,F1 Score
Chemerin,DESeq2,0.75862069,F1 Score
crc_zeller,DESeq2,0.170731707,F1 Score
edd_singh,DESeq2,0.388888889,F1 Score
glass_plastic_oberbeckmann,DESeq2,0.064257028,F1 Score
GWMC_ASIA_NA,DESeq2,0.494589933,F1 Score
GWMC_HOT_COLD,DESeq2,0.101036269,F1 Score
hiv_lozupone,DESeq2,0.104895105,F1 Score
hiv_noguerajulian,DESeq2,0.036363636,F1 Score
ibd_gevers,DESeq2,0.01734104,F1 Score
Ji_WTP_DS,DESeq2,0.571428571,F1 Score
MALL,DESeq2,0.340909091,F1 Score
ob_turnbaugh,DESeq2,0.046332046,F1 Score
ob_zhu,DESeq2,0.220806794,F1 Score
sed_plastic_hoellein,DESeq2,0.107795958,F1 Score
sed_plastic_rosato,DESeq2,0.645626691,F1 Score
seston_plastic_mccormick,DESeq2,0.171388102,F1 Score
sw_plastic_frere,DESeq2,0.198988878,F1 Score
sw_sed_detender,DESeq2,0.744495222,F1 Score
t1d_mejialeon,DESeq2,0.237037037,F1 Score
wood_plastic_kesy,DESeq2,0.31372549,F1 Score
ArcticFireSoils,edgeR,0.3528686,F1 Score
ArcticFreshwaters,edgeR,0.300699301,F1 Score
ArcticTransects,edgeR,0.330121704,F1 Score
art_scher,edgeR,0.115942029,F1 Score
BISCUIT,edgeR,0.327868852,F1 Score
Blueberry,edgeR,0.311023622,F1 Score
cdi_schubert,edgeR,0.417739628,F1 Score
cdi_vincent,edgeR,0.160714286,F1 Score
Chemerin,edgeR,0.720930233,F1 Score
crc_zeller,edgeR,0.030443415,F1 Score
edd_singh,edgeR,0.497816594,F1 Score
glass_plastic_oberbeckmann,edgeR,0.255813953,F1 Score
GWMC_ASIA_NA,edgeR,0.453381077,F1 Score
GWMC_HOT_COLD,edgeR,0.077890953,F1 Score
hiv_dinh,edgeR,0.296650718,F1 Score
hiv_lozupone,edgeR,0.129692833,F1 Score
hiv_noguerajulian,edgeR,0.029411765,F1 Score
ibd_gevers,edgeR,0.12890625,F1 Score
ibd_papa,edgeR,0.181818182,F1 Score
Ji_WTP_DS,edgeR,0.664788732,F1 Score
MALL,edgeR,0.446428571,F1 Score
ob_ross,edgeR,0.097560976,F1 Score
ob_turnbaugh,edgeR,0.220472441,F1 Score
ob_zhu,edgeR,0.353677621,F1 Score
par_scheperjans,edgeR,0.090909091,F1 Score
sed_plastic_hoellein,edgeR,0.389513109,F1 Score
sed_plastic_rosato,edgeR,0.779239766,F1 Score
seston_plastic_mccormick,edgeR,0.407932011,F1 Score
sw_plastic_frere,edgeR,0.465645082,F1 Score
sw_sed_detender,edgeR,0.748895899,F1 Score
t1d_mejialeon,edgeR,0.189781022,F1 Score
wood_plastic_kesy,edgeR,0.331002331,F1 Score
ArcticFireSoils,LEfSe,0.357931034,F1 Score
ArcticFreshwaters,LEfSe,0.310954064,F1 Score
ArcticTransects,LEfSe,0.40443038,F1 Score
art_scher,LEfSe,0.277777778,F1 Score
asd_son,LEfSe,0.153846154,F1 Score
BISCUIT,LEfSe,0.363636364,F1 Score
Blueberry,LEfSe,0.326283988,F1 Score
cdi_schubert,LEfSe,0.592137592,F1 Score
cdi_vincent,LEfSe,0.21686747,F1 Score
Chemerin,LEfSe,0.743150685,F1 Score
crc_zeller,LEfSe,0.045933014,F1 Score
edd_singh,LEfSe,0.376146789,F1 Score
Exercise,LEfSe,0.043478261,F1 Score
glass_plastic_oberbeckmann,LEfSe,0.224852071,F1 Score
GWMC_ASIA_NA,LEfSe,0.471820311,F1 Score
GWMC_HOT_COLD,LEfSe,0.083175005,F1 Score
hiv_dinh,LEfSe,0.327272727,F1 Score
hiv_lozupone,LEfSe,0.208469055,F1 Score
hiv_noguerajulian,LEfSe,0.025316456,F1 Score
ibd_gevers,LEfSe,0.127329193,F1 Score
ibd_papa,LEfSe,0.273458445,F1 Score
Ji_WTP_DS,LEfSe,0.631268437,F1 Score
MALL,LEfSe,0.7,F1 Score
ob_ross,LEfSe,0.181818182,F1 Score
ob_turnbaugh,LEfSe,0.249411765,F1 Score
ob_zhu,LEfSe,0.266068759,F1 Score
par_scheperjans,LEfSe,0.474576271,F1 Score
sed_plastic_hoellein,LEfSe,0.225733634,F1 Score
sed_plastic_rosato,LEfSe,0.634309623,F1 Score
seston_plastic_mccormick,LEfSe,0.203517588,F1 Score
sw_plastic_frere,LEfSe,0.255307567,F1 Score
sw_sed_detender,LEfSe,0.549964055,F1 Score
t1d_alkanani,LEfSe,0.518518519,F1 Score
t1d_mejialeon,LEfSe,0.762886598,F1 Score
wood_plastic_kesy,LEfSe,0.288288288,F1 Score
ArcticFireSoils,MaAsLin2,0.346534653,F1 Score
ArcticFreshwaters,MaAsLin2,0.323529412,F1 Score
ArcticTransects,MaAsLin2,0.369040942,F1 Score
art_scher,MaAsLin2,0.25,F1 Score
Blueberry,MaAsLin2,0.50955414,F1 Score
cdi_schubert,MaAsLin2,0.681870011,F1 Score
Chemerin,MaAsLin2,0.738095238,F1 Score
edd_singh,MaAsLin2,0.316326531,F1 Score
glass_plastic_oberbeckmann,MaAsLin2,0.120300752,F1 Score
GWMC_ASIA_NA,MaAsLin2,0.474993015,F1 Score
GWMC_HOT_COLD,MaAsLin2,0.085969889,F1 Score
hiv_lozupone,MaAsLin2,0.022556391,F1 Score
hiv_noguerajulian,MaAsLin2,0.068181818,F1 Score
ibd_gevers,MaAsLin2,0.134874759,F1 Score
ibd_papa,MaAsLin2,0.01320132,F1 Score
Ji_WTP_DS,MaAsLin2,0.632218845,F1 Score
MALL,MaAsLin2,0.032786885,F1 Score
ob_zhu,MaAsLin2,0.196836555,F1 Score
sed_plastic_hoellein,MaAsLin2,0.074784276,F1 Score
sed_plastic_rosato,MaAsLin2,0.639141206,F1 Score
seston_plastic_mccormick,MaAsLin2,0.132989025,F1 Score
sw_plastic_frere,MaAsLin2,0.252282158,F1 Score
sw_sed_detender,MaAsLin2,0.610892388,F1 Score
t1d_mejialeon,MaAsLin2,0.405405405,F1 Score
wood_plastic_kesy,MaAsLin2,0.302250804,F1 Score
ArcticFireSoils,MaAsLin2 (rare),0.341972921,F1 Score
ArcticFreshwaters,MaAsLin2 (rare),0.329501916,F1 Score
ArcticTransects,MaAsLin2 (rare),0.428170988,F1 Score
art_scher,MaAsLin2 (rare),0.095238095,F1 Score
Blueberry,MaAsLin2 (rare),0.416107383,F1 Score
cdi_schubert,MaAsLin2 (rare),0.535433071,F1 Score
Chemerin,MaAsLin2 (rare),0.784029038,F1 Score
edd_singh,MaAsLin2 (rare),0.319148936,F1 Score
Exercise,MaAsLin2 (rare),1,F1 Score
glass_plastic_oberbeckmann,MaAsLin2 (rare),0.099236641,F1 Score
GWMC_ASIA_NA,MaAsLin2 (rare),0.477881093,F1 Score
GWMC_HOT_COLD,MaAsLin2 (rare),0.088202373,F1 Score
hiv_lozupone,MaAsLin2 (rare),0.007575758,F1 Score
hiv_noguerajulian,MaAsLin2 (rare),0.111111111,F1 Score
ibd_gevers,MaAsLin2 (rare),0.101616628,F1 Score
ibd_papa,MaAsLin2 (rare),0.01320132,F1 Score
Ji_WTP_DS,MaAsLin2 (rare),0.617283951,F1 Score
ob_zhu,MaAsLin2 (rare),0.086956522,F1 Score
sed_plastic_hoellein,MaAsLin2 (rare),0.010204082,F1 Score
sed_plastic_rosato,MaAsLin2 (rare),0.540796964,F1 Score
seston_plastic_mccormick,MaAsLin2 (rare),0.114130435,F1 Score
sw_plastic_frere,MaAsLin2 (rare),0.150060024,F1 Score
sw_sed_detender,MaAsLin2 (rare),0.534451331,F1 Score
t1d_mejialeon,MaAsLin2 (rare),0.264705882,F1 Score
wood_plastic_kesy,MaAsLin2 (rare),0.209205021,F1 Score
ArcticFireSoils,metagenomeSeq,0.532381438,F1 Score
ArcticFreshwaters,metagenomeSeq,0.41314554,F1 Score
ArcticTransects,metagenomeSeq,0.381119906,F1 Score
Blueberry,metagenomeSeq,0.244274809,F1 Score
cdi_schubert,metagenomeSeq,0.410774411,F1 Score
Chemerin,metagenomeSeq,0.712041885,F1 Score
crc_zeller,metagenomeSeq,0.058823529,F1 Score
edd_singh,metagenomeSeq,0.369747899,F1 Score
glass_plastic_oberbeckmann,metagenomeSeq,0.076335878,F1 Score
GWMC_ASIA_NA,metagenomeSeq,0.474643311,F1 Score
GWMC_HOT_COLD,metagenomeSeq,0.089395667,F1 Score
ibd_gevers,metagenomeSeq,0.1,F1 Score
ibd_papa,metagenomeSeq,0.026229508,F1 Score
Ji_WTP_DS,metagenomeSeq,0.548494983,F1 Score
MALL,metagenomeSeq,0.281690141,F1 Score
sed_plastic_hoellein,metagenomeSeq,0.04719764,F1 Score
sed_plastic_rosato,metagenomeSeq,0.768060837,F1 Score
seston_plastic_mccormick,metagenomeSeq,0.387243736,F1 Score
sw_plastic_frere,metagenomeSeq,0.261314655,F1 Score
sw_sed_detender,metagenomeSeq,0.783803326,F1 Score
t1d_mejialeon,metagenomeSeq,0.212121212,F1 Score
wood_plastic_kesy,metagenomeSeq,0.272373541,F1 Score
ArcticFireSoils,t-test (rare),0.235528942,F1 Score
ArcticFreshwaters,t-test (rare),0.363636364,F1 Score
ArcticTransects,t-test (rare),0.449025487,F1 Score
cdi_schubert,t-test (rare),0.543478261,F1 Score
Chemerin,t-test (rare),0.738831615,F1 Score
edd_singh,t-test (rare),0.417391304,F1 Score
GWMC_ASIA_NA,t-test (rare),0.482840237,F1 Score
GWMC_HOT_COLD,t-test (rare),0.092561182,F1 Score
hiv_lozupone,t-test (rare),0.037313433,F1 Score
ibd_gevers,t-test (rare),0.337135615,F1 Score
Ji_WTP_DS,t-test (rare),0.586080586,F1 Score
sed_plastic_rosato,t-test (rare),0.417845484,F1 Score
seston_plastic_mccormick,t-test (rare),0.064754857,F1 Score
sw_plastic_frere,t-test (rare),0.094953718,F1 Score
sw_sed_detender,t-test (rare),0.63001912,F1 Score
t1d_mejialeon,t-test (rare),0.016806723,F1 Score
wood_plastic_kesy,t-test (rare),0.135746606,F1 Score
ArcticFireSoils,Wilcoxon (CLR),0.609990076,F1 Score
ArcticFreshwaters,Wilcoxon (CLR),0.294314381,F1 Score
ArcticTransects,Wilcoxon (CLR),0.384055863,F1 Score
cdi_schubert,Wilcoxon (CLR),0.871794872,F1 Score
Chemerin,Wilcoxon (CLR),0.772241993,F1 Score
crc_zeller,Wilcoxon (CLR),0.153846154,F1 Score
edd_singh,Wilcoxon (CLR),0.721030043,F1 Score
glass_plastic_oberbeckmann,Wilcoxon (CLR),0.016460905,F1 Score
GWMC_ASIA_NA,Wilcoxon (CLR),0.44141128,F1 Score
GWMC_HOT_COLD,Wilcoxon (CLR),0.091245947,F1 Score
Ji_WTP_DS,Wilcoxon (CLR),0.942675159,F1 Score
MALL,Wilcoxon (CLR),0.032786885,F1 Score
ob_turnbaugh,Wilcoxon (CLR),0.119850187,F1 Score
ob_zhu,Wilcoxon (CLR),0.775449102,F1 Score
sed_plastic_hoellein,Wilcoxon (CLR),0.67440273,F1 Score
sed_plastic_rosato,Wilcoxon (CLR),0.931952663,F1 Score
seston_plastic_mccormick,Wilcoxon (CLR),0.865261228,F1 Score
sw_plastic_frere,Wilcoxon (CLR),0.996091205,F1 Score
sw_sed_detender,Wilcoxon (CLR),0.939340192,F1 Score
wood_plastic_kesy,Wilcoxon (CLR),0.840816327,F1 Score
ArcticFireSoils,Wilcoxon (rare),0.354298474,F1 Score
ArcticFreshwaters,Wilcoxon (rare),0.324723247,F1 Score
ArcticTransects,Wilcoxon (rare),0.429861111,F1 Score
Blueberry,Wilcoxon (rare),0.209677419,F1 Score
cdi_schubert,Wilcoxon (rare),0.568900126,F1 Score
Chemerin,Wilcoxon (rare),0.761904762,F1 Score
crc_zeller,Wilcoxon (rare),0.074074074,F1 Score
edd_singh,Wilcoxon (rare),0.349514563,F1 Score
glass_plastic_oberbeckmann,Wilcoxon (rare),0.078125,F1 Score
GWMC_ASIA_NA,Wilcoxon (rare),0.477945282,F1 Score
GWMC_HOT_COLD,Wilcoxon (rare),0.088261649,F1 Score
hiv_noguerajulian,Wilcoxon (rare),0.153846154,F1 Score
ibd_gevers,Wilcoxon (rare),0.119047619,F1 Score
Ji_WTP_DS,Wilcoxon (rare),0.613981763,F1 Score
ob_zhu,Wilcoxon (rare),0.07852194,F1 Score
sed_plastic_rosato,Wilcoxon (rare),0.555347092,F1 Score
seston_plastic_mccormick,Wilcoxon (rare),0.117440841,F1 Score
sw_plastic_frere,Wilcoxon (rare),0.162194395,F1 Score
sw_sed_detender,Wilcoxon (rare),0.539449541,F1 Score
t1d_mejialeon,Wilcoxon (rare),0.23880597,F1 Score
wood_plastic_kesy,Wilcoxon (rare),0.187234043,F1 Score
ArcticFireSoils,limma voom (TMM),0.306473829,F1 Score
ArcticFreshwaters,limma voom (TMM),0.303448276,F1 Score
ArcticTransects,limma voom (TMM),0.34294622,F1 Score
art_scher,limma voom (TMM),0.015503876,F1 Score
BISCUIT,limma voom (TMM),0.133333333,F1 Score
Blueberry,limma voom (TMM),0.142857143,F1 Score
cdi_schubert,limma voom (TMM),0.324758842,F1 Score
Chemerin,limma voom (TMM),0.777562863,F1 Score
crc_zeller,limma voom (TMM),0.029100529,F1 Score
edd_singh,limma voom (TMM),0.49122807,F1 Score
glass_plastic_oberbeckmann,limma voom (TMM),0.094117647,F1 Score
GWMC_ASIA_NA,limma voom (TMM),0.457676903,F1 Score
GWMC_HOT_COLD,limma voom (TMM),0.079674797,F1 Score
hiv_lozupone,limma voom (TMM),0.134751773,F1 Score
hiv_noguerajulian,limma voom (TMM),0.058823529,F1 Score
ibd_gevers,limma voom (TMM),0.021505376,F1 Score
Ji_WTP_DS,limma voom (TMM),0.635014837,F1 Score
MALL,limma voom (TMM),0.179640719,F1 Score
ob_turnbaugh,limma voom (TMM),0.0390625,F1 Score
ob_zhu,limma voom (TMM),0.014563107,F1 Score
sed_plastic_hoellein,limma voom (TMM),0.014285714,F1 Score
sed_plastic_rosato,limma voom (TMM),0.830263158,F1 Score
seston_plastic_mccormick,limma voom (TMM),0.252564103,F1 Score
sw_plastic_frere,limma voom (TMM),0.271666253,F1 Score
sw_sed_detender,limma voom (TMM),0.884490824,F1 Score
t1d_mejialeon,limma voom (TMM),0.660098522,F1 Score
wood_plastic_kesy,limma voom (TMM),0.389513109,F1 Score
ArcticFireSoils,limma voom (TMMwsp),0.644340822,F1 Score
ArcticFreshwaters,limma voom (TMMwsp),0.300341297,F1 Score
ArcticTransects,limma voom (TMMwsp),0.343302991,F1 Score
BISCUIT,limma voom (TMMwsp),0.285714286,F1 Score
Blueberry,limma voom (TMMwsp),0.468085106,F1 Score
cdi_schubert,limma voom (TMMwsp),0.848241206,F1 Score
cdi_vincent,limma voom (TMMwsp),0.283018868,F1 Score
Chemerin,limma voom (TMMwsp),0.667692308,F1 Score
crc_zeller,limma voom (TMMwsp),0.106007067,F1 Score
edd_singh,limma voom (TMMwsp),0.722580645,F1 Score
glass_plastic_oberbeckmann,limma voom (TMMwsp),0.784688995,F1 Score
GWMC_ASIA_NA,limma voom (TMMwsp),0.459556787,F1 Score
GWMC_HOT_COLD,limma voom (TMMwsp),0.073534901,F1 Score
hiv_lozupone,limma voom (TMMwsp),0.01509434,F1 Score
hiv_noguerajulian,limma voom (TMMwsp),0.031430068,F1 Score
ibd_gevers,limma voom (TMMwsp),0.481171548,F1 Score
ibd_papa,limma voom (TMMwsp),0.243478261,F1 Score
Ji_WTP_DS,limma voom (TMMwsp),0.670694864,F1 Score
MALL,limma voom (TMMwsp),0.428571429,F1 Score
ob_turnbaugh,limma voom (TMMwsp),0.651731161,F1 Score
ob_zhu,limma voom (TMMwsp),0.725806452,F1 Score
sed_plastic_hoellein,limma voom (TMMwsp),0.590517241,F1 Score
sed_plastic_rosato,limma voom (TMMwsp),0.849356548,F1 Score
seston_plastic_mccormick,limma voom (TMMwsp),0.666227781,F1 Score
sw_plastic_frere,limma voom (TMMwsp),0.274561174,F1 Score
sw_sed_detender,limma voom (TMMwsp),0.885656292,F1 Score
t1d_mejialeon,limma voom (TMMwsp),0.170542636,F1 Score
wood_plastic_kesy,limma voom (TMMwsp),0.463768116,F1 Score
